{"cameraMode":{"drawMode":0,"name":"Shaded","section":"Shading Mode"},"sceneLighting":true,"audioPlay":false,"sceneViewState":{"showFog":true,"showMaterialUpdate":false,"showSkybox":true,"showFlares":true,"showImageEffects":true,"showParticleSystems":true},"in2DMode":false,"pivot":{"x":389.99200439453127,"y":344.4884033203125,"z":235.06500244140626},"rotation":{"x":-0.21210512518882752,"y":0.09714726358652115,"z":-0.021195188164711,"w":-0.9721757173538208},"size":1156.0545654296875,"orthographic":false}