{"cameraMode":{"drawMode":0,"name":"Shaded","section":"Shading Mode"},"sceneLighting":false,"audioPlay":false,"sceneViewState":{"showFog":true,"showMaterialUpdate":false,"showSkybox":false,"showFlares":true,"showImageEffects":true,"showParticleSystems":true},"in2DMode":false,"pivot":{"x":2.9802322387695315e-8,"y":-5.960464477539063e-8,"z":0.0},"rotation":{"x":-0.12713779509067536,"y":0.5905017852783203,"z":-0.09487662464380264,"w":-0.7912915945053101},"size":2.0005290508270265,"orthographic":false}